Type,M,N,K,Time_ms,TFLOPS
Square,1024,1024,1024,0.0209306,102.6
Square,2046,2046,2046,0.0638566,268.251
Square,4096,4096,4096,0.488848,281.149
Square,8192,8192,8192,4.33328,253.737
Square,16384,16384,16384,29.9945,293.257
Square,32768,32768,32768,235.363,298.98
Fixed_K,1024,1024,8192,0.0665088,258.31
Fixed_K,2046,2046,8192,0.220681,310.789
Fixed_K,4096,4096,8192,1.06057,259.18
Fixed_K,8192,8192,8192,4.34825,252.863
Fixed_K,16384,16384,8192,17.084,257.436
Fixed_K,32768,32768,8192,67.505,260.606
